State,District,Second Dose Administered,Precautionary Dose Administered,Male(Doses Administered),State,District,Second Dose Administered,Precautionary Dose Administered,Male(Doses Administered)
Andaman and Nicobar Islands,North and Middle Andaman,75868,692,83890,Andaman and Nicobar Islands,North and Middle Andaman,75872.0,712.0,83926.0
Andaman and Nicobar Islands,South Andaman,194905,1404,217581,Andaman and Nicobar Islands,South Andaman,194924.0,1428.0,217635.0
Andaman and Nicobar Islands,Nicobar,27145,162,29379,Andaman and Nicobar Islands,Nicobar,27145.0,165.0,29379.0
Andhra Pradesh,Krishna,3092036,21197,3386106,Andhra Pradesh,Krishna,3099918.0,21603.0,3390865.0
Andhra Pradesh,Guntur,3116471,18917,3485219,Andhra Pradesh,Guntur,3129078.0,18991.0,3491678.0
Andhra Pradesh,YSR District Kadapa (Cuddapah),1771210,13927,1997181,Andhra Pradesh,YSR District Kadapa (Cuddapah),1771293.0,13928.0,1997240.0
Andhra Pradesh,Kurnool,2483887,13579,2719560,Andhra Pradesh,Kurnool,2483898.0,13585.0,2719572.0
Andhra Pradesh,Visakhapatnam,2905846,15092,3226391,Andhra Pradesh,Visakhapatnam,2907571.0,15171.0,3227232.0
Andhra Pradesh,Anantapur,2750225,15146,2951935,Andhra Pradesh,Anantapur,2750237.0,15146.0,2951945.0
Andhra Pradesh,Chittoor,2953138,18828,3155263,Andhra Pradesh,Chittoor,2953186.0,18837.0,3155310.0
Andhra Pradesh,East Godavari,3345327,23534,3764782,Andhra Pradesh,East Godavari,3345330.0,23540.0,3764783.0
Andhra Pradesh,Prakasam,2397416,21279,2545740,Andhra Pradesh,Prakasam,2401172.0,21367.0,2547720.0
Andhra Pradesh,Sri Potti Sriramulu Nellore,2176474,36450,2292753,Andhra Pradesh,Sri Potti Sriramulu Nellore,2182372.0,37345.0,2295815.0
Andhra Pradesh,Srikakulam,1584393,21757,1815205,Andhra Pradesh,Srikakulam,1584394.0,21757.0,1815206.0
Andhra Pradesh,Vizianagaram,1468804,13531,1639083,Andhra Pradesh,Vizianagaram,1469688.0,13668.0,1639565.0
Andhra Pradesh,West Godavari,2585097,27473,2885842,Andhra Pradesh,West Godavari,2585174.0,27481.0,2885891.0
Arunachal Pradesh,Itanagar Capital Complex,98586,283,125733,Arunachal Pradesh,Itanagar Capital Complex,98586.0,283.0,125734.0
Arunachal Pradesh,Lower Siang,11465,328,15656,Arunachal Pradesh,Lower Siang,11465.0,328.0,15656.0
Arunachal Pradesh,Pakke Kessang,6827,50,8157,Arunachal Pradesh,Pakke Kessang,6827.0,50.0,8157.0
Arunachal Pradesh,Changlang,76209,366,97288,Arunachal Pradesh,Changlang,76248.0,367.0,97322.0
Arunachal Pradesh,Kurung Kumey,7108,21,8681,Arunachal Pradesh,Kurung Kumey,7108.0,21.0,8681.0
Arunachal Pradesh,Anjaw,9837,45,12576,Arunachal Pradesh,Anjaw,9837.0,45.0,12576.0
Arunachal Pradesh,East Kameng,19181,93,22962,Arunachal Pradesh,East Kameng,19181.0,93.0,23064.0
Arunachal Pradesh,Kamle,5061,25,7424,Arunachal Pradesh,Kamle,5080.0,25.0,7446.0
Arunachal Pradesh,Dibang Valley,2881,0,4630,Arunachal Pradesh,Dibang Valley,2881.0,0.0,4630.0
Arunachal Pradesh,Tirap,26291,158,33400,Arunachal Pradesh,Tirap,26291.0,158.0,33400.0
Arunachal Pradesh,Kra Daadi,4249,36,5764,Arunachal Pradesh,Kra Daadi,4280.0,43.0,5783.0
Arunachal Pradesh,West Kameng,48223,1206,60204,Arunachal Pradesh,West Kameng,48231.0,1206.0,60210.0
Arunachal Pradesh,Lohit,28167,166,34295,Arunachal Pradesh,Lohit,28167.0,166.0,34295.0
Arunachal Pradesh,Tawang,26436,439,31652,Arunachal Pradesh,Tawang,26437.0,548.0,31653.0
Arunachal Pradesh,Lower Dibang Valley,26540,164,33896,Arunachal Pradesh,Lower Dibang Valley,26548.0,164.0,33955.0
Arunachal Pradesh,Lower Subansiri,23597,159,29452,Arunachal Pradesh,Lower Subansiri,23597.0,159.0,29452.0
Arunachal Pradesh,Lepa Rada,11430,285,14710,Arunachal Pradesh,Lepa Rada,11430.0,285.0,14710.0
Arunachal Pradesh,Upper Siang,16429,321,20154,Arunachal Pradesh,Upper Siang,16429.0,321.0,20154.0
Arunachal Pradesh,Shi Yomi,6167,126,6991,Arunachal Pradesh,Shi Yomi,6167.0,127.0,6991.0
Arunachal Pradesh,Namsai,60190,358,70169,Arunachal Pradesh,Namsai,60191.0,369.0,70170.0
Arunachal Pradesh,Siang,10967,32,14165,Arunachal Pradesh,Siang,10967.0,32.0,14165.0
Arunachal Pradesh,West Siang,30768,335,36240,Arunachal Pradesh,West Siang,30770.0,395.0,36243.0
Arunachal Pradesh,Papum Pare,29077,583,37801,Arunachal Pradesh,Papum Pare,29077.0,583.0,37801.0
Arunachal Pradesh,Longding,11383,147,20098,Arunachal Pradesh,Longding,11391.0,149.0,20105.0
Arunachal Pradesh,Upper Subansiri,20300,7,24464,Arunachal Pradesh,Upper Subansiri,20300.0,7.0,24493.0
Arunachal Pradesh,East Siang,47544,314,56188,Arunachal Pradesh,East Siang,47544.0,314.0,56188.0
Assam,Dibrugarh,780509,3012,887741,Assam,Dibrugarh,782073.0,3187.0,888955.0
Assam,Sivasagar,396125,606,454114,Assam,Sivasagar,397416.0,724.0,454976.0
Assam,Tinsukia,596539,1184,742749,Assam,Tinsukia,596703.0,1184.0,742836.0
Assam,Baksa,443421,270,526113,Assam,Baksa,443627.0,274.0,526269.0
Assam,Barpeta,1009326,2799,1091727,Assam,Barpeta,1010171.0,2805.0,1092327.0
Assam,Darrang,471858,696,561696,Assam,Darrang,472140.0,726.0,562015.0
Assam,Kamrup Metropolitan,1187190,7463,1424831,Assam,Kamrup Metropolitan,1189168.0,7805.0,1426964.0
Assam,Kamrup Rural,949796,1471,1090011,Assam,Kamrup Rural,950076.0,1517.0,1090253.0
Assam,Karbi-Anglong,277873,1130,348942,Assam,Karbi-Anglong,278714.0,1170.0,349674.0
Assam,Nalbari,407127,643,462142,Assam,Nalbari,408235.0,702.0,463025.0
Assam,Golaghat,590342,1139,691086,Assam,Golaghat,590609.0,1141.0,691284.0
Assam,Jorhat,578583,1475,648313,Assam,Jorhat,579107.0,1532.0,648800.0
Assam,Morigaon,453066,925,541811,Assam,Morigaon,453772.0,931.0,542329.0
Assam,Nagaon,978487,2795,1088204,Assam,Nagaon,980868.0,2906.0,1089765.0
Assam,Bongaigaon,432804,917,484128,Assam,Bongaigaon,433375.0,1014.0,484560.0
Assam,Chirang,220563,1107,275397,Assam,Chirang,220894.0,1123.0,275601.0
Assam,Dhubri,812103,2139,937961,Assam,Dhubri,814293.0,2249.0,939359.0
Assam,Goalpara,544072,482,629338,Assam,Goalpara,544119.0,482.0,629422.0
Assam,Kokrajhar,393185,723,490353,Assam,Kokrajhar,393697.0,826.0,490749.0
Assam,Dhemaji,345372,303,403050,Assam,Dhemaji,346806.0,328.0,404052.0
Assam,Lakhimpur,587210,361,666302,Assam,Lakhimpur,587560.0,375.0,666574.0
Assam,Sonitpur,703195,2222,748131,Assam,Sonitpur,703658.0,2344.0,748480.0
Assam,Udalguri,348443,916,456203,Assam,Udalguri,348758.0,922.0,456386.0
Assam,Cachar,855984,1870,1024369,Assam,Cachar,857137.0,1884.0,1024975.0
Assam,Dima Hasao,95099,446,129205,Assam,Dima Hasao,95281.0,579.0,129315.0
Assam,Hailakandi,331707,676,403729,Assam,Hailakandi,332096.0,699.0,403947.0
Assam,Karimganj,557436,788,630520,Assam,Karimganj,558323.0,828.0,631002.0
Assam,Hojai,553875,530,590103,Assam,Hojai,554073.0,542.0,590239.0
Assam,Biswanath,359547,873,419952,Assam,Biswanath,359784.0,890.0,420118.0
Assam,Charaideo,231205,357,283706,Assam,Charaideo,231205.0,357.0,283706.0
Assam,Majuli,116323,223,128040,Assam,Majuli,116403.0,226.0,128110.0
Assam,South Salmara Mankachar,201041,84,236019,Assam,South Salmara Mankachar,201894.0,91.0,236619.0
Assam,West Karbi Anglong,75517,57,129552,Assam,West Karbi Anglong,75611.0,61.0,129675.0
Bihar,Madhepura,798100,3865,914391,Bihar,Madhepura,799516.0,3933.0,916020.0
Bihar,Saharsa,803783,3550,970178,Bihar,Saharsa,809004.0,3983.0,974221.0
Bihar,Supaul,911183,5295,1060679,Bihar,Supaul,913367.0,5341.0,1063061.0
Bihar,Purnia,1412266,8325,1845010,Bihar,Purnia,1422319.0,8402.0,1853341.0
Bihar,Araria,967412,4652,1273608,Bihar,Araria,967773.0,4690.0,1274099.0
Bihar,Katihar,1270506,2993,1532058,Bihar,Katihar,1279249.0,3155.0,1538360.0
Bihar,Kishanganj,630104,4495,764583,Bihar,Kishanganj,631895.0,4541.0,766427.0
Bihar,Aurangabad,1057446,2613,1357141,Bihar,Aurangabad,1057867.0,2660.0,1357624.0
Bihar,Arwal,293316,1114,339444,Bihar,Arwal,294289.0,1216.0,340148.0
Bihar,Gaya,1669690,14384,2211104,Bihar,Gaya,1676570.0,14977.0,2216556.0
Bihar,Kaimur,748534,2132,854875,Bihar,Kaimur,749222.0,2147.0,855790.0
Bihar,Rohtas,1285739,5513,1537999,Bihar,Rohtas,1291158.0,5949.0,1541585.0
Bihar,Bhagalpur,1281393,6445,1559050,Bihar,Bhagalpur,1287978.0,6653.0,1565334.0
Bihar,Banka,862621,5463,1008235,Bihar,Banka,864089.0,5568.0,1010238.0
Bihar,Lakhisarai,418505,2054,478790,Bihar,Lakhisarai,419632.0,2252.0,480659.0
Bihar,Munger,689876,2703,809951,Bihar,Munger,690746.0,2924.0,811485.0
Bihar,Muzaffarpur,1930497,7891,2245474,Bihar,Muzaffarpur,1940799.0,8077.0,2253457.0
Bihar,Sheohar,287476,1315,307761,Bihar,Sheohar,287500.0,1318.0,307775.0
Bihar,Sitamarhi,1312649,5650,1429232,Bihar,Sitamarhi,1316316.0,5897.0,1432640.0
Bihar,Vaishali,1498863,6879,1714923,Bihar,Vaishali,1501337.0,7010.0,1717424.0
Bihar,Nalanda,1285916,5386,1593377,Bihar,Nalanda,1287541.0,5751.0,1595767.0
Bihar,Jehanabad,418693,1919,513033,Bihar,Jehanabad,419285.0,1980.0,513901.0
Bihar,Nawada,938474,2845,1084922,Bihar,Nawada,940129.0,2951.0,1086274.0
Bihar,Sheikhpura,258714,1875,300172,Bihar,Sheikhpura,258886.0,1901.0,300545.0
Bihar,Darbhanga,1747457,9677,1919032,Bihar,Darbhanga,1751148.0,10358.0,1922912.0
Bihar,Madhubani,1813958,9548,1897278,Bihar,Madhubani,1817571.0,9932.0,1901793.0
Bihar,Samastipur,1703239,8485,1935162,Bihar,Samastipur,1705862.0,8713.0,1938416.0
Bihar,Patna,3218865,20738,3811617,Bihar,Patna,3221613.0,21729.0,3816513.0
Bihar,Begusarai,1227806,7314,1397769,Bihar,Begusarai,1237062.0,7629.0,1404079.0
Bihar,Bhojpur,1110088,3684,1342019,Bihar,Bhojpur,1113702.0,3808.0,1344793.0
Bihar,Buxar,843734,3788,953433,Bihar,Buxar,846106.0,4183.0,955257.0
Bihar,Khagaria,652374,4306,735973,Bihar,Khagaria,657707.0,4755.0,739221.0
Bihar,Saran,1675540,6332,1924634,Bihar,Saran,1685251.0,6637.0,1933920.0
Bihar,Siwan,1527856,3544,1891267,Bihar,Siwan,1538731.0,3777.0,1902440.0
Bihar,Gopalganj,1152931,3031,1254804,Bihar,Gopalganj,1154967.0,3103.0,1256465.0
Bihar,East Champaran,2507996,8672,2671956,Bihar,East Champaran,2514592.0,8954.0,2679625.0
Bihar,West Champaran,1639836,9542,1919965,Bihar,West Champaran,1642993.0,9883.0,1922827.0
Bihar,Jamui,717030,3329,836879,Bihar,Jamui,726068.0,3627.0,842769.0
Chandigarh,Chandigarh,828264,5895,1096246,Chandigarh,Chandigarh,829563.0,6135.0,1098259.0
Chhattisgarh,Raipur,1445648,15468,1708659,Chhattisgarh,Raipur,1449513.0,16272.0,1711875.0
Chhattisgarh,Balod,445155,5290,513048,Chhattisgarh,Balod,446150.0,5446.0,513665.0
Chhattisgarh,Baloda bazar,420677,4409,627948,Chhattisgarh,Baloda bazar,420796.0,4491.0,628017.0
Chhattisgarh,Balrampur,315942,535,476833,Chhattisgarh,Balrampur,316210.0,541.0,477028.0
Chhattisgarh,Bastar,331877,4477,441158,Chhattisgarh,Bastar,332021.0,4518.0,441266.0
Chhattisgarh,Bemetara,326022,3294,446183,Chhattisgarh,Bemetara,326022.0,3294.0,446183.0
Chhattisgarh,Bijapur,74062,2892,109698,Chhattisgarh,Bijapur,74137.0,2911.0,109782.0
Chhattisgarh,Bilaspur,1008878,6871,1130471,Chhattisgarh,Bilaspur,1013532.0,7134.0,1133524.0
Chhattisgarh,Dantewada,148238,2469,167889,Chhattisgarh,Dantewada,148649.0,2469.0,168076.0
Chhattisgarh,Dhamtari,392646,2522,474651,Chhattisgarh,Dhamtari,393651.0,2578.0,475135.0
Chhattisgarh,Durg,889481,17759,1050800,Chhattisgarh,Durg,891190.0,18191.0,1051972.0
Chhattisgarh,Gariaband,210552,1456,300552,Chhattisgarh,Gariaband,210705.0,1513.0,300667.0
Chhattisgarh,Janjgir-Champa,621282,1826,864489,Chhattisgarh,Janjgir-Champa,621693.0,1861.0,864751.0
Chhattisgarh,Jashpur,385957,1329,488360,Chhattisgarh,Jashpur,386017.0,1440.0,488447.0
Chhattisgarh,Kanker,406305,5137,474214,Chhattisgarh,Kanker,406430.0,5153.0,474306.0
Chhattisgarh,Kondagaon,279175,801,338634,Chhattisgarh,Kondagaon,280127.0,801.0,339148.0
Chhattisgarh,Korba,492912,1807,679028,Chhattisgarh,Korba,493149.0,1841.0,679192.0
Chhattisgarh,Koriya,355187,1002,395982,Chhattisgarh,Koriya,357237.0,1023.0,397061.0
Chhattisgarh,Mahasamund,804422,8629,793717,Chhattisgarh,Mahasamund,805196.0,8780.0,794211.0
Chhattisgarh,Mungeli,210942,3339,336627,Chhattisgarh,Mungeli,211296.0,3425.0,336845.0
Chhattisgarh,Narayanpur,36078,259,55717,Chhattisgarh,Narayanpur,37329.0,259.0,56531.0
Chhattisgarh,Raigarh,1121229,6857,1146585,Chhattisgarh,Raigarh,1121389.0,6885.0,1146705.0
Chhattisgarh,Rajnandgaon,865698,9485,1012576,Chhattisgarh,Rajnandgaon,866364.0,9615.0,1013028.0
Chhattisgarh,Sukma,116897,1675,144145,Chhattisgarh,Sukma,116914.0,1675.0,144166.0
Chhattisgarh,Surajpur,449398,1070,512281,Chhattisgarh,Surajpur,449792.0,1072.0,512537.0
Chhattisgarh,Surguja,423394,2595,574191,Chhattisgarh,Surguja,423684.0,2624.0,574396.0
Chhattisgarh,Kawardha,379504,2723,476465,Chhattisgarh,Kawardha,380020.0,2803.0,476885.0
Chhattisgarh,Gaurela Pendra Marwahi,131302,783,172454,Chhattisgarh,Gaurela Pendra Marwahi,131491.0,798.0,172576.0
Dadra and Nagar Haveli and Daman and Diu,Daman,210324,619,316593,Dadra and Nagar Haveli and Daman and Diu,Daman,210371.0,628.0,316638.0
Dadra and Nagar Haveli and Daman and Diu,Diu,37014,797,40600,Dadra and Nagar Haveli and Daman and Diu,Diu,37016.0,797.0,40602.0
Dadra and Nagar Haveli and Daman and Diu,Dadra and Nagar Haveli,305408,1272,513219,Dadra and Nagar Haveli and Daman and Diu,Dadra and Nagar Haveli,305902.0,1286.0,513691.0
Delhi,New Delhi,901688,25289,1176628,Delhi,New Delhi,901733.0,25514.0,1176674.0
Delhi,Central Delhi,1001011,10061,1544630,Delhi,Central Delhi,1001372.0,10170.0,1546583.0
Delhi,West Delhi,1319244,11168,1736958,Delhi,West Delhi,1319275.0,11208.0,1736996.0
Delhi,North West Delhi,1357247,9281,1847729,Delhi,North West Delhi,1357587.0,9382.0,1848176.0
Delhi,South East Delhi,1163686,11883,1604641,Delhi,South East Delhi,1165374.0,12211.0,1606873.0
Delhi,East Delhi,987182,6787,1275083,Delhi,East Delhi,987978.0,7027.0,1276911.0
Delhi,North Delhi,1102719,6959,1578056,Delhi,North Delhi,1102737.0,6971.0,1578086.0
Delhi,North East Delhi,774161,12515,1169416,Delhi,North East Delhi,776831.0,12941.0,1172534.0
Delhi,Shahdara,812478,6722,1118880,Delhi,Shahdara,812773.0,6814.0,1119351.0
Delhi,South Delhi,1038434,13696,1438551,Delhi,South Delhi,1038528.0,13855.0,1438671.0
Delhi,South West Delhi,1464019,12270,1821467,Delhi,South West Delhi,1464721.0,12427.0,1823357.0
Goa,North Goa,534740,3978,671938,Goa,North Goa,534842.0,4001.0,672040.0
Goa,South Goa,602825,5013,722980,Goa,South Goa,602910.0,5080.0,723060.0
Gujarat,Gandhinagar,837298,10890,939644,Gujarat,Gandhinagar,837465.0,10934.0,939770.0
Gujarat,Ahmedabad,1360423,10826,1551168,Gujarat,Ahmedabad,1360626.0,10864.0,1551374.0
Gujarat,Vadodara,1154121,15949,1267445,Gujarat,Vadodara,1154567.0,16136.0,1267705.0
Gujarat,Kheda,1487720,15643,1638380,Gujarat,Kheda,1488271.0,15864.0,1638852.0
Gujarat,Surendranagar,1257711,8331,1359537,Gujarat,Surendranagar,1258662.0,8385.0,1360257.0
Gujarat,Aravalli,731252,12996,772360,Gujarat,Aravalli,731281.0,13023.0,772377.0
Gujarat,Banaskantha,2215968,12199,2465292,Gujarat,Banaskantha,2216749.0,12296.0,2465854.0
Gujarat,Mehsana,1353267,22047,1521257,Gujarat,Mehsana,1353533.0,22307.0,1521474.0
Gujarat,Patan,859212,12047,928771,Gujarat,Patan,859644.0,12178.0,929117.0
Gujarat,Sabarkantha,1010746,20304,1095542,Gujarat,Sabarkantha,1010853.0,20350.0,1095610.0
Gujarat,Dang,126483,1415,165726,Gujarat,Dang,126489.0,1417.0,165735.0
Gujarat,Navsari,970496,16169,1012533,Gujarat,Navsari,970718.0,16825.0,1012721.0
Gujarat,Surat,1075012,8511,1377640,Gujarat,Surat,1075403.0,8579.0,1377979.0
Gujarat,Tapi,522340,4182,575753,Gujarat,Tapi,522353.0,4194.0,575773.0
Gujarat,Valsad,1330248,15504,1562922,Gujarat,Valsad,1330913.0,15962.0,1563536.0
Gujarat,Devbhumi Dwaraka,511732,6151,601624,Gujarat,Devbhumi Dwaraka,513110.0,6196.0,602803.0
Gujarat,Jamnagar,658372,9740,757964,Gujarat,Jamnagar,658394.0,9757.0,758004.0
Gujarat,Kutch,1445081,17246,1731440,Gujarat,Kutch,1446414.0,18277.0,1735936.0
Gujarat,Morbi,640417,5141,817172,Gujarat,Morbi,640516.0,5177.0,817306.0
Gujarat,Porbandar,398509,8746,439691,Gujarat,Porbandar,398664.0,9096.0,439801.0
Gujarat,Rajkot,1074473,12196,1276798,Gujarat,Rajkot,1074520.0,12268.0,1276890.0
Gujarat,Amreli,976402,12824,1041515,Gujarat,Amreli,976434.0,12838.0,1041578.0
Gujarat,Bhavnagar,1429300,5723,1534342,Gujarat,Bhavnagar,1429982.0,5734.0,1535540.0
Gujarat,Botad,380870,3208,416797,Gujarat,Botad,381027.0,3237.0,416925.0
Gujarat,Gir Somnath,879329,4654,960613,Gujarat,Gir Somnath,882905.0,4777.0,962253.0
Gujarat,Junagadh,1156846,7635,1220897,Gujarat,Junagadh,1157155.0,7831.0,1221261.0
Gujarat,Anand,1497311,19051,1620086,Gujarat,Anand,1498836.0,19447.0,1620913.0
Gujarat,Bharuch,1224198,16965,1511263,Gujarat,Bharuch,1225025.0,17206.0,1511840.0
Gujarat,Chhotaudepur,644328,5644,705382,Gujarat,Chhotaudepur,644558.0,6167.0,707207.0
Gujarat,Dahod,1519392,24063,1633868,Gujarat,Dahod,1519524.0,24172.0,1641503.0
Gujarat,Mahisagar,855964,13738,905834,Gujarat,Mahisagar,855977.0,14675.0,905893.0
Gujarat,Narmada,417864,3962,449403,Gujarat,Narmada,417866.0,3988.0,449405.0
Gujarat,Panchmahal,1130261,12972,1279298,Gujarat,Panchmahal,1130575.0,13188.0,1289034.0
Gujarat,Ahmedabad Corporation,3794964,52813,5065594,Gujarat,Ahmedabad Corporation,3801355.0,56218.0,5071330.0
Gujarat,Bhavnagar Corporation,448287,7750,507649,Gujarat,Bhavnagar Corporation,449969.0,7990.0,508726.0
Gujarat,Gandhinagar Corporation,294352,6853,389561,Gujarat,Gandhinagar Corporation,294447.0,7033.0,389705.0
Gujarat,Jamnagar Corporation,405458,6656,496356,Gujarat,Jamnagar Corporation,406012.0,6899.0,496798.0
Gujarat,Junagadh Corporation,279610,4693,305163,Gujarat,Junagadh Corporation,279690.0,5161.0,306899.0
Gujarat,Rajkot Corporation,986234,17935,1297245,Gujarat,Rajkot Corporation,986242.0,17937.0,1297251.0
Gujarat,Surat Corporation,3283243,18709,4557106,Gujarat,Surat Corporation,3287643.0,20324.0,4561406.0
Gujarat,Vadodara Corporation,1393504,25419,1634755,Gujarat,Vadodara Corporation,1394073.0,26849.0,1647174.0
Haryana,Kurukshetra,528408,1367,652406,Haryana,Kurukshetra,528881.0,1396.0,652852.0
Haryana,Panchkula,446734,4257,527243,Haryana,Panchkula,447041.0,4363.0,527572.0
Haryana,Gurgaon,2059772,12216,2853909,Haryana,Gurgaon,2064958.0,13049.0,2859548.0
Haryana,Jhajjar,588867,1188,786910,Haryana,Jhajjar,590012.0,1231.0,788066.0
Haryana,Kaithal,612586,1562,756080,Haryana,Kaithal,612755.0,1587.0,756289.0
Haryana,Hisar,841469,4183,1086249,Haryana,Hisar,842831.0,4240.0,1087731.0
Haryana,Rohtak,587300,1756,781477,Haryana,Rohtak,587989.0,1794.0,782319.0
Haryana,Ambala,904277,3266,1019702,Haryana,Ambala,904558.0,3419.0,1020005.0
Haryana,Sirsa,726303,1443,922017,Haryana,Sirsa,726601.0,1512.0,922349.0
Haryana,Panipat,698469,1813,1015028,Haryana,Panipat,701122.0,2004.0,1017608.0
Haryana,Fatehabad,437537,462,576396,Haryana,Fatehabad,438192.0,513.0,576985.0
Haryana,Yamunanagar,681487,2779,878463,Haryana,Yamunanagar,683661.0,2824.0,880006.0
Haryana,Sonipat,827073,1809,1146366,Haryana,Sonipat,828930.0,1992.0,1148432.0
Haryana,Faridabad,1445617,5317,1995839,Haryana,Faridabad,1450320.0,5817.0,2000825.0
Haryana,Bhiwani,712013,1702,814767,Haryana,Bhiwani,712617.0,1783.0,815241.0
Haryana,Charkhi Dadri,353596,1085,400088,Haryana,Charkhi Dadri,355613.0,1151.0,401332.0
Haryana,Rewari,612430,2753,768125,Haryana,Rewari,613165.0,2924.0,768921.0
Haryana,Karnal,885247,3520,1105907,Haryana,Karnal,885774.0,3630.0,1106539.0
Haryana,Jind,589137,1071,762452,Haryana,Jind,589765.0,1075.0,763108.0
Haryana,Nuh,277635,477,568165,Haryana,Nuh,278962.0,484.0,569402.0
Haryana,Mahendragarh,510590,1711,614407,Haryana,Mahendragarh,510845.0,1775.0,614639.0
Haryana,Palwal,517446,704,705970,Haryana,Palwal,519003.0,756.0,707365.0
Himachal Pradesh,Shimla,657620,3861,764166,Himachal Pradesh,Shimla,657620.0,3861.0,764166.0
Himachal Pradesh,Solan,635852,2463,836314,Himachal Pradesh,Solan,635852.0,2463.0,836314.0
Himachal Pradesh,Lahaul Spiti,25660,386,36032,Himachal Pradesh,Lahaul Spiti,25660.0,386.0,36032.0
Himachal Pradesh,Kullu,332487,1868,384223,Himachal Pradesh,Kullu,332487.0,1868.0,384223.0
Himachal Pradesh,Sirmaur,419345,2641,486349,Himachal Pradesh,Sirmaur,419346.0,2653.0,486351.0
Himachal Pradesh,Kangra,1156387,7995,1175785,Himachal Pradesh,Kangra,1156387.0,7995.0,1175785.0
Himachal Pradesh,Chamba,358191,2087,374574,Himachal Pradesh,Chamba,358191.0,2087.0,374574.0
Himachal Pradesh,Mandi,749471,8247,767826,Himachal Pradesh,Mandi,749471.0,8247.0,767826.0
Himachal Pradesh,Kinnaur,69747,1358,90153,Himachal Pradesh,Kinnaur,69747.0,1358.0,90167.0
Himachal Pradesh,Hamirpur,366164,2515,362859,Himachal Pradesh,Hamirpur,366164.0,2515.0,362859.0
Himachal Pradesh,Una,436068,2012,457079,Himachal Pradesh,Una,436068.0,2012.0,457079.0
Himachal Pradesh,Bilaspur,322614,1744,331197,Himachal Pradesh,Bilaspur,322614.0,1744.0,331197.0
Jammu and Kashmir,Srinagar,957575,8667,1171065,Jammu and Kashmir,Srinagar,964148.0,9299.0,1174801.0
Jammu and Kashmir,Kulgam,424373,1945,462712,Jammu and Kashmir,Kulgam,426154.0,1985.0,464125.0
Jammu and Kashmir,Shopian,206362,1364,239997,Jammu and Kashmir,Shopian,206372.0,1410.0,240005.0
Jammu and Kashmir,Bandipore,314689,1009,348385,Jammu and Kashmir,Bandipore,315118.0,1073.0,348890.0
Jammu and Kashmir,Anantnag,776038,3520,859285,Jammu and Kashmir,Anantnag,776176.0,3553.0,861019.0
Jammu and Kashmir,Baramulla,777078,4427,857128,Jammu and Kashmir,Baramulla,779104.0,5022.0,859778.0
Jammu and Kashmir,Kupwara,681738,1822,765920,Jammu and Kashmir,Kupwara,682374.0,1973.0,766452.0
Jammu and Kashmir,Pulwama,438540,3825,493995,Jammu and Kashmir,Pulwama,438667.0,3851.0,497209.0
Jammu and Kashmir,Ganderbal,230040,1254,265610,Jammu and Kashmir,Ganderbal,230060.0,1301.0,265727.0
Jammu and Kashmir,Budgam,604223,3574,694843,Jammu and Kashmir,Budgam,604239.0,3643.0,696270.0
Jammu and Kashmir,Jammu,1169576,17140,1340273,Jammu and Kashmir,Jammu,1171165.0,17799.0,1341249.0
Jammu and Kashmir,Kishtwar,145935,1126,174338,Jammu and Kashmir,Kishtwar,147488.0,1212.0,175218.0
Jammu and Kashmir,Doda,312524,4420,352802,Jammu and Kashmir,Doda,312585.0,4857.0,353183.0
Jammu and Kashmir,Udhampur,421832,4255,446606,Jammu and Kashmir,Udhampur,422364.0,4387.0,447064.0
Jammu and Kashmir,Kathua,483926,2065,539271,Jammu and Kashmir,Kathua,485396.0,2259.0,540299.0
Jammu and Kashmir,Ramban,219015,1361,266720,Jammu and Kashmir,Ramban,219533.0,1412.0,267184.0
Jammu and Kashmir,Samba,260713,3625,312688,Jammu and Kashmir,Samba,260842.0,3697.0,312801.0
Jammu and Kashmir,Rajouri,513169,2285,578422,Jammu and Kashmir,Rajouri,513331.0,2395.0,579049.0
Jammu and Kashmir,Poonch,380943,1300,445655,Jammu and Kashmir,Poonch,380994.0,1324.0,446219.0
Jammu and Kashmir,Reasi,251345,1986,290337,Jharkhand,Ranchi,1191755.0,8302.0,1588696.0
Jharkhand,Ranchi,1188083,7738,1584778,Jharkhand,Koderma,252559.0,575.0,331751.0
Jharkhand,Koderma,252330,541,331199,Jharkhand,Bokaro,791709.0,5790.0,1155101.0
Jharkhand,Bokaro,789324,5427,1140489,Jharkhand,Garhwa,407768.0,733.0,605316.0
Jharkhand,Garhwa,406331,700,603488,Jharkhand,Latehar,240879.0,2365.0,357020.0
Jharkhand,Latehar,239576,2315,355765,Jharkhand,Chatra,338232.0,1334.0,458850.0
Jharkhand,Chatra,336927,1301,457095,Jharkhand,Palamu,733197.0,1581.0,932853.0
Jharkhand,Palamu,730567,1432,927584,Jharkhand,East Singhbhum,1174413.0,5637.0,1457665.0
Jharkhand,East Singhbhum,1171122,5221,1453983,Jharkhand,Seraikela Kharsawan,371808.0,461.0,534361.0
Jharkhand,Seraikela Kharsawan,369465,426,531855,Jharkhand,Simdega,242897.0,271.0,297852.0
Jharkhand,Simdega,242388,263,297169,Jharkhand,Lohardaga,165070.0,880.0,224339.0
Jharkhand,Lohardaga,163865,823,222540,Jharkhand,Gumla,370411.0,3947.0,515187.0
Jharkhand,Gumla,367219,3788,511294,Jharkhand,Khunti,219882.0,3411.0,297755.0
Jharkhand,Khunti,218312,3151,296547,Jharkhand,Deoghar,531649.0,2670.0,755778.0
Jharkhand,Deoghar,529823,2559,750936,Jharkhand,Ramgarh,400728.0,1743.0,527968.0
Jharkhand,Ramgarh,399742,1646,526838,Jharkhand,Hazaribagh,686861.0,2258.0,860799.0
Jharkhand,Hazaribagh,684758,2121,858141,Jharkhand,Dhanbad,928069.0,4680.0,1286239.0
Jharkhand,Giridih,785587,1505,1031224,Jharkhand,Jamtara,269402.0,331.0,393386.0
Jharkhand,Dhanbad,922800,4037,1281838,Jharkhand,Sahebganj,354336.0,601.0,546133.0
Jharkhand,Dumka,530673,950,670433,Jharkhand,Pakur,282750.0,300.0,434426.0
Jharkhand,Jamtara,268194,294,392133,Jharkhand,Godda,463402.0,1466.0,617558.0
Jharkhand,Sahebganj,353288,569,545003,Jharkhand,West Singhbhum,492622.0,2225.0,711086.0
Jharkhand,Pakur,279372,256,431830,Karnataka,Belgaum,3052636.0,15352.0,3365219.0
Jharkhand,Godda,461232,1238,615533,Karnataka,Bangalore Urban,1104014.0,8498.0,1421859.0
Jharkhand,West Singhbhum,491124,1981,708499,Karnataka,Mysore,2151677.0,18213.0,2284380.0
Karnataka,Belgaum,3052249,15265,3364938,Karnataka,Gulbarga,1339665.0,5460.0,1609673.0
Karnataka,Bangalore Urban,1103084,8339,1420899,Karnataka,Chitradurga,979939.0,5753.0,1107128.0
Karnataka,Mysore,2149915,17935,2283193,Karnataka,Dakshina Kannada,1378302.0,14622.0,1541299.0
Karnataka,Gulbarga,1336879,5301,1607672,Karnataka,Bagalkot,1165787.0,3609.0,1283118.0
Karnataka,Chitradurga,979704,5738,1106966,Karnataka,Chamarajanagar,635743.0,2623.0,675367.0
Karnataka,Dakshina Kannada,1377689,14462,1540790,Karnataka,Bidar,1009650.0,6343.0,1150754.0
Karnataka,Bagalkot,1165070,3492,1282662,Karnataka,Chikamagalur,697138.0,4046.0,742445.0
Karnataka,Chamarajanagar,635263,2579,675095,Karnataka,Bellary,1634924.0,7966.0,1866942.0
Karnataka,Bidar,1008875,6067,1150246,Karnataka,Davanagere,990433.0,5114.0,1107160.0
Karnataka,Chikamagalur,696985,4026,742315,Karnataka,Bangalore Rural,718103.0,5276.0,851170.0
Karnataka,Bellary,1634675,7891,1866742,Karnataka,Kolar,991171.0,4576.0,1130851.0
Karnataka,Davanagere,989592,5090,1106657,Karnataka,Dharwad,1192023.0,8269.0,1365603.0
Karnataka,Bangalore Rural,717670,5208,850724,Karnataka,Haveri,915659.0,4153.0,1049073.0
Karnataka,Kolar,989594,4508,1129820,Karnataka,Gadag,688351.0,4733.0,740003.0
Karnataka,Dharwad,1190110,7871,1364302,Karnataka,Uttar Kannada,910312.0,9799.0,1010269.0
Karnataka,Haveri,915117,4153,1048741,Karnataka,Koppal,786820.0,3565.0,871350.0
Karnataka,Gadag,688280,4668,739745,Karnataka,Kodagu,382970.0,2530.0,395833.0
Karnataka,Uttar Kannada,909996,9726,1010028,Karnataka,Raichur,1004920.0,5805.0,1143343.0
Karnataka,Koppal,786636,3550,871258,Karnataka,Yadgir,641079.0,2109.0,744092.0
Karnataka,Kodagu,382949,2494,395809,Karnataka,Udupi,860910.0,10004.0,894731.0
Karnataka,Raichur,1004048,5687,1142814,Karnataka,Shimoga,1066066.0,6778.0,1166082.0
Karnataka,Yadgir,639664,1813,740732,Karnataka,Tumkur,1643885.0,12534.0,1796049.0
Karnataka,Udupi,860436,9867,894325,Karnataka,Hassan,1185943.0,6783.0,1243362.0
Karnataka,Shimoga,1065693,6683,1165839,Karnataka,Mandya,1206246.0,8429.0,1201383.0
Karnataka,Tumkur,1641391,12336,1794608,Karnataka,Chikkaballapur,840971.0,4519.0,911337.0
Karnataka,Hassan,1185818,6754,1243222,Karnataka,Ramanagara,729682.0,4379.0,778744.0
Karnataka,Mandya,1206225,8423,1201367,Karnataka,Vijayapura,1475913.0,5375.0,1649389.0
Karnataka,Chikkaballapur,837334,4444,909378,Karnataka,BBMP,7227550.0,55336.0,8864297.0
Karnataka,Ramanagara,729559,4348,778636,Kerala,Kasaragod,777060.0,3809.0,835836.0
Karnataka,Vijayapura,1468376,5303,1645056,Kerala,Thiruvananthapuram,2242837.0,23579.0,2352876.0
Karnataka,BBMP,7220935,53029,8857539,Kerala,Kannur,1684029.0,14237.0,1753669.0
Kerala,Kasaragod,776622,3673,835429,Kerala,Kollam,1706809.0,10642.0,1745632.0
Kerala,Thiruvananthapuram,2242581,23060,2352390,Kerala,Wayanad,581485.0,5555.0,627638.0
Kerala,Kannur,1683958,14126,1753599,Kerala,Pathanamthitta,896091.0,11078.0,950403.0
Kerala,Kollam,1706758,10608,1745590,Kerala,Alappuzha,1425148.0,11979.0,1446116.0
Kerala,Wayanad,581474,5524,627620,Kerala,Malappuram,2292224.0,10064.0,2570711.0
Kerala,Pathanamthitta,895980,11003,950291,Kerala,Thrissur,2152624.0,24424.0,2181961.0
Kerala,Alappuzha,1424404,11767,1445013,Kerala,Kottayam,1303908.0,13585.0,1421395.0
Kerala,Malappuram,2291446,9978,2568489,Kerala,Kozhikode,1970570.0,12814.0,2131020.0
Kerala,Thrissur,2151671,23569,2180854,Kerala,Idukki,715241.0,3239.0,816119.0
Kerala,Kottayam,1303559,13236,1421005,Kerala,Ernakulam,2509482.0,17647.0,2873354.0
Kerala,Kozhikode,1970468,12665,2130937,Kerala,Palakkad,1724641.0,9528.0,1839896.0
Kerala,Idukki,715232,3233,816087,Ladakh,Kargil,75678.0,774.0,90751.0
Kerala,Ernakulam,2508204,17464,2871962,Ladakh,Leh,101068.0,2798.0,138772.0
Kerala,Palakkad,1724599,9490,1839863,Lakshadweep,Lakshadweep,53402.0,1211.0,60049.0
Ladakh,Kargil,75677,774,90749,Maharashtra,Pune,6849604.0,43223.0,8981582.0
Ladakh,Leh,101068,2798,138772,Maharashtra,Akola,638759.0,3169.0,925868.0
Lakshadweep,Lakshadweep,53399,1169,60047,Maharashtra,Nagpur,2441798.0,18232.0,3180059.0
Maharashtra,Pune,6841560,41512,8974535,Maharashtra,Amravati,1107096.0,5006.0,1559625.0
Maharashtra,Akola,638446,3032,925514,Maharashtra,Buldhana,1008871.0,1873.0,1411629.0
Maharashtra,Nagpur,2441061,17957,3179421,Maharashtra,Yavatmal,1049592.0,3235.0,1464121.0
Maharashtra,Amravati,1106647,4862,1559204,Maharashtra,Washim,586104.0,2044.0,736008.0
Maharashtra,Buldhana,1008718,1853,1411524,Maharashtra,Bhandara,756920.0,7073.0,834038.0
Maharashtra,Yavatmal,1048884,3222,1463641,Maharashtra,Kolhapur,2072954.0,9853.0,2554601.0
Maharashtra,Washim,584776,1954,733752,Maharashtra,Ratnagiri,780747.0,5046.0,916501.0
Maharashtra,Bhandara,756858,7068,833994,Maharashtra,Sangli,1537494.0,6276.0,1877800.0
Maharashtra,Kolhapur,2072015,9641,2553878,Maharashtra,Sindhudurg,462316.0,1830.0,542115.0
Maharashtra,Ratnagiri,780132,5035,916202,Maharashtra,Solapur,1810059.0,6178.0,2498818.0
Maharashtra,Sangli,1537310,6259,1877647,Maharashtra,Satara,1657066.0,8666.0,1969667.0
Maharashtra,Sindhudurg,462316,1830,542115,Maharashtra,Wardha,606950.0,4281.0,786434.0
Maharashtra,Solapur,1808187,6020,2497182,Maharashtra,Gondia,737729.0,2466.0,846385.0
Maharashtra,Satara,1656522,8612,1969321,Maharashtra,Gadchiroli,500947.0,837.0,630099.0
Maharashtra,Wardha,606397,4209,786053,Maharashtra,Chandrapur,1110425.0,2878.0,1360907.0
Maharashtra,Gondia,737565,2466,846273,Maharashtra,Osmanabad,626312.0,2868.0,889021.0
Maharashtra,Gadchiroli,500294,830,629557,Maharashtra,Nanded,1223634.0,2498.0,1744022.0
Maharashtra,Chandrapur,1109987,2750,1360499,Maharashtra,Latur,957916.0,3648.0,1365427.0
Maharashtra,Osmanabad,626117,2867,888902,Maharashtra,Beed,970553.0,3749.0,1405675.0
Maharashtra,Nanded,1213676,2376,1737809,Maharashtra,Parbhani,806412.0,1529.0,1068647.0
Maharashtra,Latur,957396,3613,1365073,Maharashtra,Hingoli,472102.0,1161.0,654346.0
Maharashtra,Beed,969687,3689,1405011,Maharashtra,Nandurbar,615930.0,4184.0,854788.0
Maharashtra,Parbhani,805007,1451,1067545,Maharashtra,Dhule,938886.0,2811.0,1193314.0
Maharashtra,Hingoli,471832,1112,654173,Maharashtra,Nashik,2691202.0,19579.0,3794422.0
Maharashtra,Nandurbar,615422,4154,854440,Maharashtra,Jalgaon,1792711.0,8786.0,2337782.0
Maharashtra,Dhule,938698,2773,1193170,Maharashtra,Ahmednagar,1945615.0,8652.0,2667253.0
Maharashtra,Nashik,2690624,19522,3793986,Maharashtra,Thane,5075763.0,31381.0,6551975.0
Maharashtra,Jalgaon,1792367,8741,2336187,Maharashtra,Raigad,1710627.0,7360.0,2172832.0
Maharashtra,Ahmednagar,1943764,8463,2665615,Maharashtra,Palghar,1789774.0,6354.0,2206313.0
Maharashtra,Thane,5072283,30843,6549572,Maharashtra,Mumbai,8448432.0,80273.0,11033711.0
Maharashtra,Raigad,1709030,7176,2171704,Maharashtra,Jalna,830170.0,1710.0,1144438.0
Maharashtra,Palghar,1788330,6308,2205009,Maharashtra,Aurangabad,1463734.0,7001.0,2299499.0
Maharashtra,Mumbai,8447193,79758,11032119,Meghalaya,East Khasi Hills,286538.0,4779.0,326253.0
Maharashtra,Jalna,830147,1710,1144419,Meghalaya,South West Khasi Hills,25301.0,35.0,32856.0
Maharashtra,Aurangabad,1462825,6960,2298899,Meghalaya,West Jaintia Hills,71652.0,359.0,83619.0
Meghalaya,East Khasi Hills,286534,4779,326249,Meghalaya,Ri-Bhoi,75339.0,415.0,103619.0
Meghalaya,South West Khasi Hills,25301,35,32856,Meghalaya,East Jaintia Hills,52649.0,208.0,75857.0
Meghalaya,West Jaintia Hills,71652,359,83619,Meghalaya,West Khasi Hills,59787.0,224.0,73799.0
Meghalaya,Ri-Bhoi,75336,392,103618,Meghalaya,West Garo Hills,167035.0,3129.0,206408.0
Meghalaya,East Jaintia Hills,52649,208,75857,Meghalaya,South Garo Hills,30580.0,212.0,43393.0
Meghalaya,West Khasi Hills,59786,222,73794,Meghalaya,South West Garo Hills,59752.0,495.0,74258.0
Meghalaya,West Garo Hills,167035,3129,206407,Meghalaya,North Garo Hills,47064.0,286.0,61762.0
Meghalaya,South Garo Hills,30546,211,43224,Meghalaya,East Garo Hills,37094.0,361.0,53935.0
Meghalaya,South West Garo Hills,59752,495,74258,Manipur,Bishnupur,101992.0,120.0,116007.0
Meghalaya,North Garo Hills,47049,286,61736,Manipur,Chandel,22148.0,673.0,28613.0
Meghalaya,East Garo Hills,37087,361,53923,Manipur,Churachandpur,85068.0,935.0,102674.0
Manipur,Bishnupur,101988,120,115962,Manipur,Imphal East,205794.0,1556.0,243783.0
Manipur,Chandel,22124,634,28598,Manipur,Imphal West,260731.0,1524.0,303573.0
Manipur,Churachandpur,85068,914,102674,Manipur,Senapati,24268.0,109.0,33318.0
Manipur,Imphal East,205776,1553,243767,Manipur,Tamenglong,16953.0,50.0,24388.0
Manipur,Imphal West,260730,1524,303573,Manipur,Thoubal,102353.0,173.0,128727.0
Manipur,Senapati,24268,78,33311,Manipur,Ukhrul,21337.0,115.0,29314.0
Manipur,Tamenglong,16952,50,24386,Manipur,Tengnoupal,19511.0,334.0,27274.0
Manipur,Thoubal,102302,171,128689,Manipur,Kangpokpi,30554.0,37.0,40451.0
Manipur,Ukhrul,21252,114,29225,Manipur,Kamjong,8524.0,20.0,12501.0
Manipur,Tengnoupal,19487,334,27254,Manipur,Jiribam,23882.0,88.0,28923.0
Manipur,Kangpokpi,30502,37,40374,Manipur,Pherzawl,12758.0,23.0,13676.0
Manipur,Kamjong,8500,20,12482,Manipur,Noney,13879.0,199.0,20721.0
Manipur,Jiribam,23882,88,28923,Manipur,Kakching,69815.0,109.0,79233.0
Manipur,Pherzawl,12758,23,13676,Madhya Pradesh,Bhopal,1932496.0,27143.0,2289030.0
Manipur,Noney,13879,199,20721,Madhya Pradesh,Gwalior,1485719.0,13757.0,1686515.0
Manipur,Kakching,69815,109,79233,Madhya Pradesh,Indore,2912879.0,25975.0,3329353.0
Madhya Pradesh,Bhopal,1931779,26880,2288369,Madhya Pradesh,Jabalpur,1997804.0,22923.0,2099561.0
Madhya Pradesh,Gwalior,1484788,12941,1682867,Madhya Pradesh,Rewa,1682503.0,9206.0,1792379.0
Madhya Pradesh,Indore,2912436,25791,3329078,Madhya Pradesh,Sagar,1605989.0,10591.0,1777818.0
Madhya Pradesh,Jabalpur,1996195,20180,2098103,Madhya Pradesh,Ujjain,1446923.0,7844.0,1553138.0
Madhya Pradesh,Rewa,1682033,9089,1791874,Madhya Pradesh,Mandsaur,975940.0,5208.0,1037854.0
Madhya Pradesh,Sagar,1605164,9183,1776827,Madhya Pradesh,Agar,443310.0,1751.0,486743.0
Madhya Pradesh,Ujjain,1446862,7413,1553060,Madhya Pradesh,Shajapur,647236.0,3435.0,689685.0
Madhya Pradesh,Mandsaur,975902,5104,1035271,Madhya Pradesh,Ratlam,1065879.0,6148.0,1130363.0
Madhya Pradesh,Agar,443256,1731,485878,Madhya Pradesh,Neemuch,589157.0,5272.0,626462.0
Madhya Pradesh,Shajapur,647184,3378,689056,Madhya Pradesh,Dewas,1050743.0,6620.0,1131068.0
Madhya Pradesh,Ratlam,1065752,5993,1126492,Madhya Pradesh,Tikamgarh,967434.0,3994.0,1086513.0
Madhya Pradesh,Neemuch,589069,4688,625124,Madhya Pradesh,Panna,648193.0,4008.0,728747.0
Madhya Pradesh,Dewas,1050688,6595,1131030,Madhya Pradesh,Damoh,860843.0,5484.0,932032.0
Madhya Pradesh,Tikamgarh,966578,2761,1083855,Madhya Pradesh,Chhatarpur,1104320.0,4013.0,1281297.0
Madhya Pradesh,Panna,648069,3998,727786,Madhya Pradesh,Umaria,465398.0,1539.0,494727.0
Madhya Pradesh,Damoh,860784,5406,931495,Madhya Pradesh,Singrauli,726768.0,3453.0,874876.0
Madhya Pradesh,Chhatarpur,1101840,3720,1278081,Madhya Pradesh,Sidhi,679542.0,4870.0,748161.0
Madhya Pradesh,Umaria,465357,1522,494551,Madhya Pradesh,Shahdol,756299.0,2827.0,810433.0
Madhya Pradesh,Singrauli,726586,3418,874563,Madhya Pradesh,Satna,1566829.0,5121.0,1720453.0
Madhya Pradesh,Sidhi,679085,4004,738155,Madhya Pradesh,Anuppur,493659.0,1944.0,520734.0
Madhya Pradesh,Shahdol,756252,2381,810245,Madhya Pradesh,Mandla,701131.0,4004.0,711693.0
Madhya Pradesh,Satna,1566626,4717,1720134,Madhya Pradesh,Dindori,492895.0,4417.0,503996.0
Madhya Pradesh,Anuppur,493620,1772,520526,Madhya Pradesh,Chhindwara,1649029.0,8878.0,1745615.0
Madhya Pradesh,Mandla,701107,3981,711651,Madhya Pradesh,Balaghat,1298906.0,12098.0,1344546.0
Madhya Pradesh,Dindori,492895,4393,503994,Madhya Pradesh,Khandwa,920224.0,4464.0,983711.0
Madhya Pradesh,Chhindwara,1649006,8869,1745428,Madhya Pradesh,Jhabua,593452.0,5162.0,667817.0
Madhya Pradesh,Balaghat,1298881,12010,1342702,Madhya Pradesh,Dhar,1425018.0,6944.0,1584872.0
Madhya Pradesh,Khandwa,919919,4077,981953,Madhya Pradesh,Burhanpur,526542.0,4257.0,573065.0
Madhya Pradesh,Jhabua,593185,5103,667166,Madhya Pradesh,Barwani,787269.0,4191.0,874311.0
Madhya Pradesh,Dhar,1424120,6729,1576570,Madhya Pradesh,Khargone,1184366.0,6552.0,1320565.0
Madhya Pradesh,Burhanpur,525535,3984,571595,Madhya Pradesh,Shivpuri,1115860.0,7300.0,1259881.0
Madhya Pradesh,Barwani,786161,3998,872934,Madhya Pradesh,Sheopur,424064.0,1821.0,468340.0
Madhya Pradesh,Khargone,1184346,6549,1320045,Madhya Pradesh,Morena,1326019.0,9852.0,1520338.0
Madhya Pradesh,Shivpuri,1114742,6838,1259091,Madhya Pradesh,Guna,845046.0,4044.0,938677.0
Madhya Pradesh,Sheopur,424048,1648,466663,Madhya Pradesh,Seoni,953864.0,9332.0,1003886.0
Madhya Pradesh,Morena,1325665,9201,1516558,Madhya Pradesh,Datia,577906.0,2441.0,641833.0
Madhya Pradesh,Guna,844944,3973,937608,Madhya Pradesh,Bhind,1084404.0,10739.0,1232998.0
Madhya Pradesh,Seoni,953673,9167,1001013,Madhya Pradesh,Narsinghpur,795357.0,5699.0,867131.0
Madhya Pradesh,Datia,577837,2407,640743,Madhya Pradesh,Katni,892717.0,3282.0,950686.0
Madhya Pradesh,Bhind,1082965,7874,1231996,Madhya Pradesh,Ashoknagar,552303.0,2319.0,615784.0
Madhya Pradesh,Narsinghpur,795143,5538,866820,Madhya Pradesh,Vidisha,984538.0,4774.0,1091131.0
Madhya Pradesh,Katni,892663,3219,950504,Madhya Pradesh,Sehore,899581.0,6495.0,1001302.0
Madhya Pradesh,Ashoknagar,552271,2252,615691,Madhya Pradesh,Alirajpur,380519.0,4854.0,438245.0
Madhya Pradesh,Vidisha,984247,4633,1085942,Madhya Pradesh,Rajgarh,1025693.0,4590.0,1117259.0
Madhya Pradesh,Sehore,899544,6354,1001245,Madhya Pradesh,Raisen,917952.0,4072.0,1015587.0
Madhya Pradesh,Alirajpur,379874,4232,437913,Madhya Pradesh,Hoshangabad,889769.0,5377.0,958011.0
Madhya Pradesh,Rajgarh,1025653,4351,1117183,Madhya Pradesh,Harda,395591.0,2109.0,439860.0
Madhya Pradesh,Raisen,917880,4052,1015509,Madhya Pradesh,Betul,1066481.0,7495.0,1143784.0
Madhya Pradesh,Hoshangabad,889676,5107,956862,Mizoram,Aizawl East,167027.0,1578.0,183600.0
Madhya Pradesh,Harda,394953,2011,438931,Mizoram,Aizawl West,103315.0,724.0,114926.0
Madhya Pradesh,Betul,1066249,7079,1142238,Mizoram,Mamit,36113.0,611.0,45044.0
Mizoram,Aizawl East,167027,1578,183600,Mizoram,Kolasib,41253.0,741.0,48373.0
Mizoram,Aizawl West,103315,724,114926,Mizoram,Champhai,62224.0,571.0,70730.0
Mizoram,Mamit,36113,611,45044,Mizoram,Serchhip,38744.0,792.0,43728.0
Mizoram,Kolasib,41253,741,48373,Mizoram,Lunglei,85963.0,583.0,98848.0
Mizoram,Champhai,62224,571,70730,Mizoram,Lawngtlai,38905.0,283.0,59838.0
Mizoram,Serchhip,38744,792,43728,Mizoram,Siaha,25454.0,241.0,32354.0
Mizoram,Lunglei,85963,583,98848,Nagaland,Dimapur,223768.0,2152.0,292005.0
Mizoram,Lawngtlai,38905,283,59838,Nagaland,Peren,15864.0,366.0,22719.0
Mizoram,Siaha,25445,235,32339,Nagaland,Wokha,26796.0,58.0,34991.0
Nagaland,Dimapur,223768,2152,292005,Nagaland,Mokokchung,62284.0,404.0,72266.0
Nagaland,Peren,15864,366,22719,Nagaland,Longleng,16587.0,0.0,21203.0
Nagaland,Wokha,26796,49,34991,Nagaland,Mon,55526.0,106.0,71198.0
Nagaland,Mokokchung,62283,404,72233,Nagaland,Tuensang,31400.0,194.0,44244.0
Nagaland,Longleng,16577,0,21195,Nagaland,Kohima,94187.0,349.0,116169.0
Nagaland,Mon,55466,106,71111,Nagaland,Zunheboto,27762.0,173.0,38041.0
Nagaland,Tuensang,31392,194,44239,Nagaland,Phek,26148.0,38.0,38098.0
Nagaland,Kohima,94184,349,116165,Nagaland,Kiphire,10681.0,167.0,19130.0
Nagaland,Zunheboto,27712,171,37948,Odisha,Angul,656416.0,5232.0,789287.0
Nagaland,Phek,26100,24,38032,Odisha,Khurda,1919756.0,31359.0,2214416.0
Nagaland,Kiphire,10673,157,19123,Odisha,Balasore,1189845.0,12025.0,1394798.0
Odisha,Angul,655967,4923,788684,Odisha,Balangir,763533.0,6672.0,965721.0
Odisha,Khurda,1918173,29574,2212747,Odisha,Ganjam,2208302.0,22876.0,2246419.0
Odisha,Balasore,1186754,11741,1392285,Odisha,Kandhamal,341977.0,5052.0,428888.0
Odisha,Balangir,761637,6461,962737,Odisha,Koraput,785814.0,9008.0,920481.0
Odisha,Ganjam,2204823,21922,2239770,Odisha,Sambalpur,698703.0,6541.0,817317.0
Odisha,Kandhamal,341043,5040,428267,Odisha,Sundargarh,989482.0,9000.0,1213209.0
Odisha,Koraput,783644,8809,918821,Odisha,Bhadrak,992435.0,4100.0,1034622.0
Odisha,Sambalpur,697523,6458,816413,Odisha,Kendujhar,982532.0,7889.0,1115114.0
Odisha,Sundargarh,988286,8871,1211566,Odisha,Mayurbhanj,1059611.0,8135.0,1347361.0
Odisha,Bhadrak,991299,3877,1033080,Odisha,Cuttack,1198584.0,19315.0,1510180.0
Odisha,Kendujhar,980260,7692,1113590,Odisha,Dhenkanal,608535.0,3334.0,735533.0
Odisha,Mayurbhanj,1053712,7904,1343782,Odisha,Jagatsinghpur,612099.0,8370.0,707051.0
Odisha,Cuttack,1197141,19232,1508997,Odisha,Jajpur,1009919.0,6466.0,1217019.0
Odisha,Dhenkanal,605817,3167,733938,Odisha,Kendrapara,735955.0,5491.0,831766.0
Odisha,Jagatsinghpur,610754,8218,706129,Odisha,Nayagarh,545980.0,4473.0,597956.0
Odisha,Jajpur,1004801,5896,1214073,Odisha,Puri,1020450.0,8855.0,1111344.0
Odisha,Kendrapara,734401,5234,830672,Odisha,Kalahandi,764528.0,5855.0,909165.0
Odisha,Nayagarh,544266,4344,596647,Odisha,Nuapada,313127.0,2829.0,386643.0
Odisha,Puri,1017573,7953,1109276,Odisha,Subarnapur,424745.0,5196.0,448534.0
Odisha,Kalahandi,763566,5781,907015,Odisha,Gajapati,247352.0,2259.0,302881.0
Odisha,Nuapada,312117,2734,385289,Odisha,Boudh,217959.0,1203.0,266146.0
Odisha,Subarnapur,423944,5032,447841,Odisha,Malkangiri,336706.0,3513.0,386654.0
Odisha,Gajapati,246906,2128,302314,Odisha,Nabarangpur,581056.0,5721.0,686633.0
Odisha,Boudh,217072,1031,265436,Odisha,Rayagada,497053.0,6164.0,540019.0
Odisha,Malkangiri,333894,3390,384878,Odisha,Bargarh,692353.0,6251.0,882648.0
Odisha,Nabarangpur,578568,5551,684799,Odisha,Deogarh,157754.0,1528.0,201636.0
Odisha,Rayagada,495861,6048,539029,Odisha,Jharsuguda,362740.0,4448.0,446463.0
Odisha,Bargarh,692067,6194,881876,Punjab,Kapurthala,351951.0,1261.0,452565.0
Odisha,Deogarh,156814,1489,200954,Punjab,Ferozpur,266457.0,570.0,417643.0
Odisha,Jharsuguda,361180,4266,445337,Punjab,Hoshiarpur,789335.0,1233.0,941429.0
Punjab,Kapurthala,350698,1215,451567,Punjab,Mansa,237501.0,209.0,359926.0
Punjab,Ferozpur,263764,550,415793,Punjab,Barnala,200117.0,405.0,303880.0
Punjab,Hoshiarpur,786443,1149,938961,Punjab,Fatehgarh Sahib,250394.0,442.0,366737.0
Punjab,Mansa,234564,198,357526,Punjab,Amritsar,855849.0,3638.0,1248612.0
Punjab,Barnala,199229,333,303229,Punjab,Pathankot,325983.0,1641.0,404065.0
Punjab,Fatehgarh Sahib,249380,372,365722,Punjab,Fazilka,318115.0,1475.0,476385.0
Punjab,Amritsar,847802,3432,1242435,Punjab,Ludhiana,1510127.0,8139.0,2547118.0
Punjab,Pathankot,325242,1235,403412,Punjab,Gurdaspur,709757.0,1693.0,871510.0
Punjab,Fazilka,316127,1406,474785,Punjab,Sri Muktsar Sahib,257576.0,306.0,415672.0
Punjab,Ludhiana,1502059,7967,2539548,Punjab,Moga,401865.0,924.0,538604.0
Punjab,Gurdaspur,702092,1500,865771,Punjab,Jalandhar,1095293.0,4433.0,1415713.0
Punjab,Sri Muktsar Sahib,248594,267,409182,Punjab,Bathinda,422680.0,1383.0,657539.0
Punjab,Moga,395904,837,534191,Punjab,Patiala,672194.0,1493.0,993390.0
Punjab,Jalandhar,1084789,4205,1408591,Punjab,Tarn Taran,310443.0,224.0,491271.0
Punjab,Bathinda,419247,1276,653901,Punjab,SAS Nagar,605312.0,2257.0,933381.0
Punjab,Patiala,666043,1387,988197,Punjab,Rup Nagar,292456.0,455.0,373499.0
Punjab,Tarn Taran,308052,218,489914,Punjab,Sangrur,433875.0,576.0,690245.0
Punjab,SAS Nagar,603083,2157,930875,Punjab,Faridkot,237450.0,366.0,320659.0
Punjab,Rup Nagar,291691,438,372883,Punjab,SBS Nagar,306304.0,713.0,362904.0
Punjab,Sangrur,429351,550,686442,Puducherry,Puducherry,445803.0,1934.0,559641.0
Punjab,Faridkot,235825,338,319292,Puducherry,Karaikal,88832.0,142.0,104045.0
Punjab,SBS Nagar,303287,641,361076,Puducherry,Mahe,31962.0,116.0,30783.0
Puducherry,Puducherry,445490,1849,559323,Puducherry,Yanam,22204.0,113.0,28001.0
Puducherry,Karaikal,88815,139,104022,Rajasthan,Bikaner,1264717.0,10873.0,1579673.0
Puducherry,Mahe,31962,116,30783,Rajasthan,Jodhpur,1895283.0,28626.0,2401563.0
Puducherry,Yanam,22204,113,28001,Rajasthan,Kota,1271724.0,15959.0,1489086.0
Rajasthan,Bikaner,1262851,10449,1578085,Rajasthan,Udaipur,1527047.0,22932.0,1981168.0
Rajasthan,Jodhpur,1894002,28307,2400247,Rajasthan,Jaipur I,2195206.0,16969.0,2951495.0
Rajasthan,Kota,1269891,15127,1486744,Rajasthan,Jaipur II,1476960.0,7711.0,1945709.0
Rajasthan,Udaipur,1525554,22618,1979094,Rajasthan,Ajmer,1628231.0,27271.0,1825902.0
Rajasthan,Jaipur I,2192831,16213,2948063,Rajasthan,Bharatpur,1216461.0,6524.0,1496643.0
Rajasthan,Jaipur II,1473584,7380,1943106,Rajasthan,Sri Ganganagar,990354.0,8452.0,1269744.0
Rajasthan,Ajmer,1627541,26996,1825213,Rajasthan,Jhunjhunu,1380732.0,17346.0,1460088.0
Rajasthan,Bharatpur,1198561,6419,1487379,Rajasthan,Dausa,779444.0,4102.0,973939.0
Rajasthan,Sri Ganganagar,985541,8243,1266749,Rajasthan,Alwar,2076511.0,16574.0,2611039.0
Rajasthan,Jhunjhunu,1380217,16995,1459646,Rajasthan,Sikar,1597988.0,9494.0,1854591.0
Rajasthan,Dausa,778603,3684,973116,Rajasthan,Bundi,713309.0,9310.0,843988.0
Rajasthan,Alwar,2066502,15974,2602098,Rajasthan,Jhalawar,800897.0,6009.0,944857.0
Rajasthan,Sikar,1597752,9462,1854439,Rajasthan,Baran,670268.0,8917.0,807565.0
Rajasthan,Bundi,710207,8990,842195,Rajasthan,Hanumangarh,1145539.0,5168.0,1313724.0
Rajasthan,Jhalawar,799757,5837,944101,Rajasthan,Rajsamand,598178.0,6519.0,703909.0
Rajasthan,Baran,668397,8698,806383,Rajasthan,Banswara,911110.0,11979.0,1082894.0
Rajasthan,Hanumangarh,1145258,5150,1313455,Rajasthan,Dungarpur,644499.0,12154.0,755847.0
Rajasthan,Rajsamand,597699,6402,703372,Rajasthan,Chittorgarh,946969.0,11891.0,1097083.0
Rajasthan,Banswara,910530,11815,1082479,Rajasthan,Pratapgarh,652749.0,6037.0,683499.0
Rajasthan,Dungarpur,642274,12065,754185,Rajasthan,Bhilwara,1378841.0,19204.0,1568134.0
Rajasthan,Chittorgarh,946878,11873,1096981,Rajasthan,Dholpur,542874.0,6525.0,697872.0
Rajasthan,Pratapgarh,650066,5859,681905,Rajasthan,Karauli,702151.0,4920.0,880440.0
Rajasthan,Bhilwara,1378641,19190,1567896,Rajasthan,Tonk,777426.0,5838.0,905640.0
Rajasthan,Dholpur,542625,6388,697585,Rajasthan,Jaisalmer,326073.0,3482.0,441649.0
Rajasthan,Karauli,699514,4720,878105,Rajasthan,Barmer,1193822.0,10894.0,1538919.0
Rajasthan,Tonk,776843,5741,905222,Rajasthan,Pali,1011108.0,12849.0,1196289.0
Rajasthan,Jaisalmer,325520,3435,441002,Rajasthan,Churu,1196754.0,12029.0,1352475.0
Rajasthan,Barmer,1192850,10392,1537699,Rajasthan,Sirohi,584329.0,4704.0,665403.0
Rajasthan,Pali,1010796,12682,1195996,Rajasthan,Nagaur,1969249.0,24278.0,2152105.0
Rajasthan,Churu,1196586,12014,1352333,Rajasthan,Jalore,835161.0,6123.0,996228.0
Rajasthan,Sirohi,583139,4489,663617,Rajasthan,Sawai Madhopur,717839.0,4589.0,926793.0
Rajasthan,Nagaur,1967032,23463,2150200,Sikkim,East Sikkim,251095.0,2794.0,291920.0
Rajasthan,Jalore,834628,6017,995465,Sikkim,West Sikkim,94867.0,2372.0,109763.0
Rajasthan,Sawai Madhopur,715250,4480,921867,Sikkim,North Sikkim,29224.0,478.0,36223.0
Sikkim,East Sikkim,251095,2793,291920,Sikkim,South Sikkim,112054.0,1130.0,129707.0
Sikkim,West Sikkim,94867,2372,109763,Tamil Nadu,Coimbatore,2127989.0,6879.0,2697504.0
Sikkim,North Sikkim,29224,478,36223,Tamil Nadu,Madurai,1277861.0,3736.0,1545427.0
Sikkim,South Sikkim,112054,1130,129707,Tamil Nadu,Thanjavur,1065754.0,1773.0,1248139.0
Tamil Nadu,Coimbatore,2126938,6726,2696518,Tamil Nadu,Viluppuram,1112362.0,846.0,1267864.0
Tamil Nadu,Madurai,1276989,3576,1544394,Tamil Nadu,Vellore,741442.0,2025.0,911863.0
Tamil Nadu,Thanjavur,1064712,1705,1247495,Tamil Nadu,Kanyakumari,892777.0,1980.0,1002580.0
Tamil Nadu,Viluppuram,1111380,839,1267138,Tamil Nadu,Salem,1228504.0,3702.0,1462932.0
Tamil Nadu,Vellore,740222,2017,910830,Tamil Nadu,Pudukkottai,465014.0,571.0,501681.0
Tamil Nadu,Kanyakumari,892314,1941,1002197,Tamil Nadu,Cuddalore,1590338.0,1250.0,1831870.0
Tamil Nadu,Salem,1228248,3675,1462643,Tamil Nadu,Tirunelveli,642581.0,1380.0,808469.0
Tamil Nadu,Pudukkottai,463669,563,500861,Tamil Nadu,Virudhunagar,400558.0,1079.0,411592.0
Tamil Nadu,Cuddalore,1588791,1217,1829917,Tamil Nadu,Tirupattur,437423.0,488.0,534910.0
Tamil Nadu,Tirunelveli,641957,1316,807926,Tamil Nadu,Tenkasi,645048.0,601.0,703338.0
Tamil Nadu,Virudhunagar,400403,1032,411458,Tamil Nadu,Kallakurichi,806599.0,777.0,852950.0
Tamil Nadu,Tirupattur,437136,479,534592,Tamil Nadu,Tiruvannamalai,931814.0,700.0,1031469.0
Tamil Nadu,Tenkasi,644899,579,703199,Tamil Nadu,Thoothukudi (Tuticorin),475385.0,848.0,713592.0
Tamil Nadu,Kallakurichi,806510,777,852876,Tamil Nadu,Ariyalur,432491.0,605.0,505301.0
Tamil Nadu,Tiruvannamalai,931393,695,1030978,Tamil Nadu,Dindigul,674485.0,1187.0,779082.0
Tamil Nadu,Thoothukudi (Tuticorin),474236,831,712808,Tamil Nadu,Kanchipuram,525505.0,874.0,750590.0
Tamil Nadu,Ariyalur,431159,511,504635,Tamil Nadu,Namakkal,811910.0,1337.0,972264.0
Tamil Nadu,Dindigul,674286,1160,778929,Tamil Nadu,Karur,562551.0,674.0,656081.0
Tamil Nadu,Kanchipuram,524866,810,749951,Tamil Nadu,Tiruchirappalli,1285168.0,2901.0,1540893.0
Tamil Nadu,Namakkal,811808,1321,972178,Tamil Nadu,Sivaganga,651527.0,920.0,728419.0
Tamil Nadu,Karur,562416,662,655941,Tamil Nadu,Krishnagiri,810962.0,1023.0,1098146.0
Tamil Nadu,Tiruchirappalli,1284542,2859,1540359,Tamil Nadu,Erode,1183332.0,2120.0,1406076.0
Tamil Nadu,Sivaganga,651001,891,728048,Tamil Nadu,Palani,552811.0,946.0,603761.0
Tamil Nadu,Krishnagiri,810894,1023,1098080,Tamil Nadu,Chengalpet,1121408.0,6009.0,1416059.0
Tamil Nadu,Erode,1182939,2081,1405754,Tamil Nadu,Dharmapuri,578693.0,724.0,703932.0
Tamil Nadu,Palani,552638,933,603555,Tamil Nadu,Ramanathapuram,392569.0,171.0,417011.0
Tamil Nadu,Chengalpet,1120394,5899,1414960,Tamil Nadu,Tiruppur,1328318.0,1312.0,1725420.0
Tamil Nadu,Dharmapuri,578646,721,703869,Tamil Nadu,Theni,583013.0,951.0,633697.0
Tamil Nadu,Ramanathapuram,392240,170,416774,Tamil Nadu,Perambalur,277271.0,505.0,308512.0
Tamil Nadu,Tiruppur,1327987,1295,1725028,Tamil Nadu,Chennai,3888126.0,19213.0,5015524.0
Tamil Nadu,Theni,582963,934,633642,Tamil Nadu,Tiruvallur,808558.0,780.0,1082164.0
Tamil Nadu,Perambalur,277207,505,308473,Tamil Nadu,Paramakudi,348982.0,341.0,374760.0
Tamil Nadu,Chennai,3885875,18655,5012517,Tamil Nadu,Tiruvarur,590913.0,337.0,669846.0
Tamil Nadu,Tiruvallur,807595,754,1081239,Tamil Nadu,Poonamallee,345433.0,2120.0,437421.0
Tamil Nadu,Paramakudi,348692,335,374500,Tamil Nadu,Nagapattinam,700786.0,802.0,798411.0
Tamil Nadu,Tiruvarur,590790,332,669656,Tamil Nadu,Nilgiris,511895.0,2897.0,508366.0
Tamil Nadu,Poonamallee,345215,2109,437245,Tamil Nadu,Attur,523476.0,787.0,621658.0
Tamil Nadu,Nagapattinam,700592,790,798114,Tamil Nadu,Sivakasi,592630.0,678.0,684877.0
Tamil Nadu,Nilgiris,511748,2828,508244,Tamil Nadu,Cheyyar,415723.0,353.0,494171.0
Tamil Nadu,Attur,523446,783,621578,Tamil Nadu,Aranthangi,343604.0,115.0,373585.0
Tamil Nadu,Sivakasi,592243,668,683201,Tamil Nadu,Kovilpatti,280753.0,420.0,312081.0
Tamil Nadu,Cheyyar,415564,252,493994,Tamil Nadu,Ranipet,453504.0,416.0,557874.0
Tamil Nadu,Aranthangi,343325,115,373054,Telangana,Hyderabad,2634996.0,18993.0,3477086.0
Tamil Nadu,Kovilpatti,280622,409,311930,Telangana,Adilabad,387911.0,3268.0,460222.0
Tamil Nadu,Ranipet,453174,407,557547,Telangana,Bhadradri Kothagudem,619104.0,8754.0,721342.0
Telangana,Hyderabad,2631686,18437,3474115,Telangana,Jagtial,549843.0,1964.0,599992.0
Telangana,Adilabad,384409,3176,458147,Telangana,Jangaon,336403.0,2392.0,372824.0
Telangana,Bhadradri Kothagudem,609963,7190,715911,Telangana,Jayashankar Bhupalpally,261404.0,1316.0,293151.0
Telangana,Jagtial,546254,1832,597870,Telangana,Jogulamba Gadwal,300243.0,1784.0,379882.0
Telangana,Jangaon,332648,2309,370556,Telangana,Kamareddy,479237.0,2918.0,533306.0
Telangana,Jayashankar Bhupalpally,260684,1265,292675,Telangana,Karimnagar,759034.0,3831.0,795718.0
Telangana,Jogulamba Gadwal,297862,1780,378117,Telangana,Khammam,907973.0,6960.0,989348.0
Telangana,Kamareddy,476092,2780,530452,Telangana,Kumuram Bheem,199842.0,958.0,268694.0
Telangana,Karimnagar,756318,3684,794009,Telangana,Mahabubabad,461514.0,2995.0,508257.0
Telangana,Khammam,901555,6588,985138,Telangana,Mahabubnagar,527354.0,4505.0,631015.0
Telangana,Kumuram Bheem,196386,911,266716,Telangana,Mancherial,439610.0,2352.0,503047.0
Telangana,Mahabubabad,458529,2887,506486,Telangana,Medak,455545.0,1555.0,513145.0
Telangana,Mahabubnagar,521959,4411,628025,Telangana,Medchal,1932234.0,9473.0,2444268.0
Telangana,Mancherial,438409,2286,502245,Telangana,Nagarkurnool,426680.0,1366.0,519752.0
Telangana,Medak,453971,1449,512115,Telangana,Nalgonda,813479.0,5200.0,1004070.0
Telangana,Medchal,1930646,9036,2442626,Telangana,Nirmal,371333.0,2549.0,446344.0
Telangana,Nagarkurnool,423983,1351,518085,Telangana,Nizamabad,800842.0,2606.0,886457.0
Telangana,Nalgonda,793125,4611,993385,Telangana,Peddapalli,421646.0,2440.0,520506.0
Telangana,Nirmal,367779,2522,444264,Telangana,Rajanna Sircilla,355813.0,862.0,369268.0
Telangana,Nizamabad,799020,2579,885405,Telangana,Rangareddy,1960435.0,12615.0,2622912.0
Telangana,Peddapalli,420102,2378,519275,Telangana,Sangareddy,792997.0,5764.0,1077352.0
Telangana,Rajanna Sircilla,355201,844,368778,Telangana,Siddipet,510215.0,4117.0,618884.0
Telangana,Rangareddy,1956854,12260,2620141,Telangana,Suryapet,574394.0,2379.0,657081.0
Telangana,Sangareddy,788249,5493,1074226,Telangana,Vikarabad,359404.0,2182.0,523330.0
Telangana,Siddipet,503045,3873,614893,Telangana,Wanaparthy,284290.0,2343.0,357010.0
Telangana,Suryapet,569763,2296,654422,Telangana,Warangal(Rural),319255.0,1321.0,403243.0
Telangana,Vikarabad,355544,2162,521114,Telangana,Warangal(Urban),705306.0,4141.0,787416.0
Telangana,Wanaparthy,280470,2087,353969,Telangana,Yadadri Bhuvanagiri,452737.0,1776.0,501441.0
Telangana,Warangal(Rural),313535,1261,399937,Telangana,Mulugu,180600.0,1181.0,193736.0
Telangana,Warangal(Urban),703615,3898,784752,Telangana,Narayanpet,293108.0,1247.0,347545.0
Telangana,Yadadri Bhuvanagiri,450504,1769,500202,Tripura,Dhalai,217622.0,1612.0,260188.0
Telangana,Mulugu,179761,1177,193235,Tripura,Gomati,274078.0,759.0,300829.0
Telangana,Narayanpet,292104,1241,346365,Tripura,Khowai,162212.0,1159.0,190888.0
Tripura,Dhalai,217604,1601,260145,Tripura,North Tripura,245986.0,853.0,280399.0
Tripura,Gomati,274078,759,300810,Tripura,Sepahijala,279048.0,1062.0,322036.0
Tripura,Khowai,162166,1137,190847,Tripura,South Tripura,267467.0,1481.0,298627.0
Tripura,North Tripura,245986,853,280399,Tripura,Unakoti,138383.0,269.0,162711.0
Tripura,Sepahijala,279041,970,322025,Tripura,West Tripura,566154.0,6537.0,647524.0
Tripura,South Tripura,267467,1479,298627,Uttar Pradesh,Agra,1834649.0,8459.0,2622707.0
Tripura,Unakoti,138379,262,162710,Uttar Pradesh,Aligarh,1482052.0,10480.0,2108293.0
Tripura,West Tripura,566148,6521,647521,Uttar Pradesh,Prayagraj,2402132.0,12724.0,3281237.0
Uttar Pradesh,Agra,1824742,8208,2605784,Uttar Pradesh,Ambedkar Nagar,1003220.0,2319.0,1373114.0
Uttar Pradesh,Aligarh,1468178,10076,2081425,Uttar Pradesh,Amethi,878890.0,2768.0,1097444.0
Uttar Pradesh,Prayagraj,2359044,12117,3245563,Uttar Pradesh,Amroha,740421.0,2649.0,999131.0
Uttar Pradesh,Ambedkar Nagar,993091,2203,1366728,Uttar Pradesh,Auraiya,517976.0,2290.0,767653.0
Uttar Pradesh,Amethi,873078,2623,1091272,Uttar Pradesh,Azamgarh,2043087.0,10272.0,2845729.0
Uttar Pradesh,Amroha,727421,2341,988888,Uttar Pradesh,Badaun,1356364.0,3030.0,2031303.0
Uttar Pradesh,Auraiya,507056,2168,757262,Uttar Pradesh,Baghpat,691609.0,2137.0,859328.0
Uttar Pradesh,Azamgarh,2003662,9804,2814972,Uttar Pradesh,Bahraich,1553387.0,3797.0,2067229.0
Uttar Pradesh,Badaun,1338680,2702,2009535,Uttar Pradesh,Balarampur,942791.0,6950.0,1286239.0
Uttar Pradesh,Baghpat,690689,2136,858705,Uttar Pradesh,Ballia,1383657.0,5028.0,1724548.0
Uttar Pradesh,Bahraich,1515120,3631,2036595,Uttar Pradesh,Banda,745830.0,1125.0,1078956.0
Uttar Pradesh,Balarampur,930058,6259,1269333,Uttar Pradesh,Barabanki,1350579.0,7689.0,1840700.0
Uttar Pradesh,Ballia,1366065,4754,1672535,Uttar Pradesh,Bareilly,2019100.0,9215.0,2797890.0
Uttar Pradesh,Banda,737555,1063,1071598,Uttar Pradesh,Basti,1170417.0,5686.0,1525189.0
Uttar Pradesh,Barabanki,1333164,7572,1829891,Uttar Pradesh,Bijnour,1526064.0,7415.0,2074471.0
Uttar Pradesh,Bareilly,1987118,8771,2768975,Uttar Pradesh,Bulandshahr,1392694.0,7687.0,1973408.0
Uttar Pradesh,Basti,1162948,5528,1511671,Uttar Pradesh,Chandauli,856334.0,4257.0,1136078.0
Uttar Pradesh,Bijnour,1502040,7253,2056595,Uttar Pradesh,Chitrakoot,389071.0,714.0,569545.0
Uttar Pradesh,Bulandshahr,1377753,7110,1954107,Uttar Pradesh,Deoria,1419409.0,9904.0,1600890.0
Uttar Pradesh,Chandauli,845161,4006,1122516,Uttar Pradesh,Etah,747457.0,2228.0,1022274.0
Uttar Pradesh,Chitrakoot,382105,503,563388,Uttar Pradesh,Etawah,697372.0,2676.0,1061151.0
Uttar Pradesh,Deoria,1404515,9662,1588674,Uttar Pradesh,Ayodhya,1101726.0,7682.0,1436856.0
Uttar Pradesh,Etah,738833,2096,1015332,Uttar Pradesh,Farrukhabad,683063.0,2266.0,1021386.0
Uttar Pradesh,Etawah,694656,2618,1056603,Uttar Pradesh,Fatehpur,1205276.0,6053.0,1502026.0
Uttar Pradesh,Ayodhya,1092787,7386,1431058,Uttar Pradesh,Firozabad,975901.0,2937.0,1471307.0
Uttar Pradesh,Farrukhabad,665019,2100,1004176,Uttar Pradesh,Gautam Buddha Nagar,1446430.0,11320.0,2123206.0
Uttar Pradesh,Fatehpur,1177754,5800,1480726,Uttar Pradesh,Ghaziabad,1940293.0,15608.0,2671167.0
Uttar Pradesh,Firozabad,947212,2413,1451818,Uttar Pradesh,Ghazipur,1536409.0,2026.0,2207218.0
Uttar Pradesh,Gautam Buddha Nagar,1444804,10583,2119795,Uttar Pradesh,Gonda,1405305.0,4340.0,1917358.0
Uttar Pradesh,Ghaziabad,1930008,14867,2660164,Uttar Pradesh,Gorakhpur,1955731.0,7764.0,2538357.0
Uttar Pradesh,Ghazipur,1474038,1816,2150686,Uttar Pradesh,Hamirpur,442243.0,1766.0,657687.0
Uttar Pradesh,Gonda,1377801,4164,1898972,Uttar Pradesh,Hapur,583697.0,2050.0,802992.0
Uttar Pradesh,Gorakhpur,1946033,7589,2502037,Uttar Pradesh,Hardoi,1752420.0,3436.0,2310447.0
Uttar Pradesh,Hamirpur,439199,1394,652947,Uttar Pradesh,Hathras,690138.0,4298.0,908214.0
Uttar Pradesh,Hapur,577789,1940,796253,Uttar Pradesh,Jalaun,703881.0,2093.0,969229.0
Uttar Pradesh,Hardoi,1727531,3249,2280087,Uttar Pradesh,Jaunpur,2135887.0,6765.0,2661419.0
Uttar Pradesh,Hathras,679161,4211,895965,Uttar Pradesh,Jhansi,874870.0,8195.0,1265804.0
Uttar Pradesh,Jalaun,685563,1920,948511,Uttar Pradesh,Kannauj,715830.0,2759.0,1089211.0
Uttar Pradesh,Jaunpur,2091756,5807,2633686,Uttar Pradesh,Kanpur Dehat,823893.0,5024.0,1120568.0
Uttar Pradesh,Jhansi,863085,7845,1256026,Uttar Pradesh,Kanpur Nagar,1968785.0,13393.0,2716409.0
Uttar Pradesh,Kannauj,703403,2723,1079663,Uttar Pradesh,Kasganj,548599.0,2092.0,793344.0
Uttar Pradesh,Kanpur Dehat,812604,4901,1108281,Uttar Pradesh,Kaushambi,674231.0,4167.0,923388.0
Uttar Pradesh,Kanpur Nagar,1947068,12811,2696613,Uttar Pradesh,Kushinagar,1428923.0,6983.0,1789777.0
Uttar Pradesh,Kasganj,544128,1910,784981,Uttar Pradesh,Lakhimpur Kheri,1446616.0,3373.0,2090731.0
Uttar Pradesh,Kaushambi,669797,3936,915993,Uttar Pradesh,Lalitpur,528765.0,750.0,713606.0
Uttar Pradesh,Kushinagar,1396780,6587,1713763,Uttar Pradesh,Lucknow,2706374.0,30389.0,3524347.0
Uttar Pradesh,Lakhimpur Kheri,1387570,3121,2048918,Uttar Pradesh,Maharajganj,1197386.0,7740.0,1423916.0
Uttar Pradesh,Lalitpur,517540,564,700220,Uttar Pradesh,Mahoba,338394.0,1628.0,487548.0
Uttar Pradesh,Lucknow,2689280,29749,3511411,Uttar Pradesh,Mainpuri,827294.0,4242.0,1224545.0
Uttar Pradesh,Maharajganj,1180477,7545,1393212,Uttar Pradesh,Mathura,1017061.0,4099.0,1536563.0
Uttar Pradesh,Mahoba,329512,1344,478024,Uttar Pradesh,Mau,944303.0,4656.0,1281511.0
Uttar Pradesh,Mainpuri,807419,3263,1210646,Uttar Pradesh,Meerut,1461421.0,8860.0,1998918.0
Uttar Pradesh,Mathura,987970,3787,1506214,Uttar Pradesh,Mirzapur,1152617.0,1739.0,1564957.0
Uttar Pradesh,Mau,936249,4310,1271011,Uttar Pradesh,Moradabad,1097422.0,6912.0,1640324.0
Uttar Pradesh,Meerut,1455527,8547,1992755,Uttar Pradesh,Muzaffarnagar,1195893.0,7101.0,1699715.0
Uttar Pradesh,Mirzapur,1140074,1711,1551399,Uttar Pradesh,Pilibhit,954649.0,3950.0,1344002.0
Uttar Pradesh,Moradabad,1074838,6672,1622081,Uttar Pradesh,Raebareli,1283948.0,6799.0,1623654.0
Uttar Pradesh,Muzaffarnagar,1169042,6872,1674008,Uttar Pradesh,Pratapgarh,1509454.0,5520.0,1911920.0
Uttar Pradesh,Pilibhit,938750,3730,1328822,Uttar Pradesh,Rampur,806702.0,3105.0,1223898.0
Uttar Pradesh,Raebareli,1253729,6612,1592277,Uttar Pradesh,Saharanpur,1307396.0,6944.0,1866290.0
Uttar Pradesh,Pratapgarh,1474736,4893,1886757,Uttar Pradesh,Sambhal,813398.0,1505.0,1165791.0
Uttar Pradesh,Rampur,793682,2909,1209205,Uttar Pradesh,Sant Kabir Nagar,720754.0,1923.0,935860.0
Uttar Pradesh,Saharanpur,1294087,6193,1845928,Uttar Pradesh,Bhadohi,657600.0,1131.0,881449.0
Uttar Pradesh,Sambhal,787773,1456,1144639,Uttar Pradesh,Shahjahanpur,1767750.0,6627.0,2314325.0
Uttar Pradesh,Sant Kabir Nagar,708827,1820,923466,Uttar Pradesh,Shamli,448868.0,1425.0,681989.0
Uttar Pradesh,Bhadohi,647708,1064,873287,Uttar Pradesh,Shravasti,469496.0,2461.0,648627.0
Uttar Pradesh,Shahjahanpur,1731064,6214,2286244,Uttar Pradesh,Siddharthnagar,1156579.0,6696.0,1514727.0
Uttar Pradesh,Shamli,444474,1367,666355,Uttar Pradesh,Sitapur,1697816.0,5429.0,2403592.0
Uttar Pradesh,Shravasti,450989,2383,635090,Uttar Pradesh,Sonbhadra,783912.0,2663.0,1099765.0
Uttar Pradesh,Siddharthnagar,1149382,6548,1505283,Uttar Pradesh,Sultanpur,1087112.0,4440.0,1454347.0
Uttar Pradesh,Sitapur,1648717,4173,2349265,Uttar Pradesh,Unnao,1287831.0,5721.0,1764476.0
Uttar Pradesh,Sonbhadra,775906,2416,1090332,Uttar Pradesh,Varanasi,1817393.0,7188.0,2585282.0
Uttar Pradesh,Sultanpur,1084303,4362,1451863,Uttarakhand,Dehradun,1352282.0,21141.0,1577693.0
Uttar Pradesh,Unnao,1260836,5477,1736921,Uttarakhand,Pauri Garhwal,353137.0,4990.0,392765.0
Uttar Pradesh,Varanasi,1812348,6803,2573821,Uttarakhand,Chamoli,259717.0,4058.0,272469.0
Uttarakhand,Dehradun,1350478,20482,1575840,Uttarakhand,Rudraprayag,147619.0,1532.0,152186.0
Uttarakhand,Pauri Garhwal,353096,4962,392726,Uttarakhand,Tehri Garhwal,319843.0,3964.0,343333.0
Uttarakhand,Chamoli,259652,4028,272369,Uttarakhand,Haridwar,1319427.0,12473.0,1611953.0
Uttarakhand,Rudraprayag,147193,1475,151967,Uttarakhand,Uttarkashi,212415.0,4279.0,236178.0
Uttarakhand,Tehri Garhwal,319581,3952,343169,Uttarakhand,Almora,309018.0,5030.0,324935.0
Uttarakhand,Haridwar,1317372,12271,1610501,Uttarakhand,Udham Singh Nagar,1196930.0,6547.0,1403654.0
Uttarakhand,Uttarkashi,212399,4155,236161,Uttarakhand,Pithoragarh,280765.0,5036.0,302979.0
Uttarakhand,Almora,308742,4958,324727,Uttarakhand,Bageshwar,160292.0,3819.0,168016.0
Uttarakhand,Udham Singh Nagar,1194670,6342,1401786,Uttarakhand,Champawat,164421.0,2115.0,177447.0
Uttarakhand,Pithoragarh,279783,4809,302231,Uttarakhand,Nainital,646914.0,9255.0,741282.0
Uttarakhand,Bageshwar,160249,3634,167984,West Bengal,Alipurduar District,822476.0,5498.0,941498.0
Uttarakhand,Champawat,164381,2083,177400,West Bengal,Bankura,1131340.0,7724.0,1469540.0
Uttarakhand,Nainital,646550,9089,740919,West Bengal,Basirhat HD (North 24 Parganas),1021696.0,2724.0,1295607.0
West Bengal,Alipurduar District,820661,5397,940481,West Bengal,Birbhum,1094601.0,4416.0,1294031.0
West Bengal,Bankura,1128461,7346,1467921,West Bengal,Bishnupur HD (Bankura),526662.0,2525.0,669420.0
West Bengal,Basirhat HD (North 24 Parganas),1019312,2712,1294316,West Bengal,Dakshin Dinajpur,878547.0,5976.0,1006232.0
West Bengal,Birbhum,1093907,4376,1293598,West Bengal,Darjeeling,1192243.0,8740.0,1318592.0
West Bengal,Bishnupur HD (Bankura),525721,2501,668608,West Bengal,Diamond Harbor HD (S 24 Parganas),1543730.0,8186.0,1840426.0
West Bengal,Dakshin Dinajpur,877751,5783,1005396,West Bengal,East Bardhaman,2058888.0,13296.0,2730513.0
West Bengal,Darjeeling,1192031,8705,1318426,West Bengal,Hoogly,2779926.0,18880.0,3255968.0
West Bengal,Diamond Harbor HD (S 24 Parganas),1542867,8010,1839942,West Bengal,Howrah,2501174.0,11427.0,2994473.0
West Bengal,East Bardhaman,2058275,12909,2730013,West Bengal,Jalpaiguri,980140.0,5729.0,1223176.0
West Bengal,Hoogly,2771428,18407,3251216,West Bengal,Jhargram,546180.0,2799.0,671141.0
West Bengal,Howrah,2499213,11109,2992272,West Bengal,Kalimpong,170126.0,1234.0,188859.0
West Bengal,Jalpaiguri,976764,5536,1220975,West Bengal,Kolkata,3932111.0,33462.0,4982251.0
West Bengal,Jhargram,546097,2711,671093,West Bengal,Malda,1302387.0,5475.0,1887850.0
West Bengal,Kalimpong,170119,1232,188853,West Bengal,Murshidabad,2774591.0,12514.0,3802578.0
West Bengal,Kolkata,3931707,33151,4981588,West Bengal,Nadia,2185379.0,14628.0,2853115.0
West Bengal,Malda,1298946,5211,1885742,West Bengal,Nandigram HD (East Medinipore),1246003.0,9647.0,1309866.0
West Bengal,Murshidabad,2771049,12207,3798989,West Bengal,North 24 Parganas,4507843.0,14441.0,5165506.0
West Bengal,Nadia,2185377,14624,2853111,West Bengal,Paschim Medinipore,2228170.0,16470.0,2778146.0
West Bengal,Nandigram HD (East Medinipore),1245933,9639,1309816,West Bengal,Purba Medinipore,2058436.0,17032.0,2124753.0
West Bengal,North 24 Parganas,4505719,14077,5163265,West Bengal,Purulia,1289935.0,3618.0,1640957.0
West Bengal,Paschim Medinipore,2218269,15690,2772282,West Bengal,Rampurhat HD (Birbhum),633760.0,876.0,767524.0
West Bengal,Purba Medinipore,2058207,16903,2124548,West Bengal,South 24 Parganas,2482574.0,6205.0,3008591.0
West Bengal,Purulia,1286485,3280,1638723,West Bengal,Uttar Dinajpur,1115402.0,6682.0,1513355.0
West Bengal,Rampurhat HD (Birbhum),633572,876,767439,West Bengal,West Bardhaman,1479711.0,7320.0,1809908.0
West Bengal,South 24 Parganas,2481228,6195,3007874,West Bengal,COOCHBEHAR,1125683.0,6072.0,1542871.0
West Bengal,Uttar Dinajpur,1103724,6439,1505381,,,,,
West Bengal,West Bardhaman,1479640,7298,1809826,,,,,
West Bengal,COOCHBEHAR,1124512,6008,1541221,,,,,
